{"q50": -17.890084136976203, "q80": -8.098923284273745}